[
    {
        "Id": "Patient",
        "Types": [
            "null {[]} {[]}\n"
        ]
    },
    {
        "Id": "Patient.active",
        "Types": [
            "boolean {[]} {[]}\n"
        ]
    },
    {
        "Id": "Patient.address",
        "Types": [
            "Address {[CanonicalType[https://twcore.mohw.gov.tw/ig/twcore/StructureDefinition/Address-twcore]]} {[]}\n"
        ]
    },
    {
        "Id": "Patient.birthDate",
        "Types": [
            "date {[]} {[]}\n"
        ]
    },
    {
        "Id": "Patient.communication",
        "Types": [
            "BackboneElement {[]} {[]}\n"
        ]
    },
    {
        "Id": "Patient.communication.extension",
        "Types": [
            "Extension {[]} {[]}\n"
        ]
    },
    {
        "Id": "Patient.communication.id",
        "Types": [
            "string {[]} {[]}\n"
        ]
    },
    {
        "Id": "Patient.communication.language",
        "Types": [
            "CodeableConcept {[CanonicalType[https://twcore.mohw.gov.tw/ig/twcore/StructureDefinition/CodeableConcept-tw]]} {[]}\n"
        ]
    },
    {
        "Id": "Patient.communication.modifierExtension",
        "Types": [
            "Extension {[]} {[]}\n"
        ]
    },
    {
        "Id": "Patient.communication.preferred",
        "Types": [
            "boolean {[]} {[]}\n"
        ]
    },
    {
        "Id": "Patient.contact",
        "Types": [
            "BackboneElement {[]} {[]}\n"
        ]
    },
    {
        "Id": "Patient.contact.address",
        "Types": [
            "Address {[CanonicalType[https://twcore.mohw.gov.tw/ig/twcore/StructureDefinition/Address-twcore]]} {[]}\n"
        ]
    },
    {
        "Id": "Patient.contact.extension",
        "Types": [
            "Extension {[]} {[]}\n"
        ]
    },
    {
        "Id": "Patient.contact.gender",
        "Types": [
            "code {[]} {[]}\n"
        ]
    },
    {
        "Id": "Patient.contact.id",
        "Types": [
            "string {[]} {[]}\n"
        ]
    },
    {
        "Id": "Patient.contact.modifierExtension",
        "Types": [
            "Extension {[]} {[]}\n"
        ]
    },
    {
        "Id": "Patient.contact.name",
        "Types": [
            "HumanName {[]} {[]}\n"
        ]
    },
    {
        "Id": "Patient.contact.name.extension",
        "Types": [
            "Extension {[]} {[]}\n"
        ]
    },
    {
        "Id": "Patient.contact.name.family",
        "Types": [
            "string {[]} {[]}\n"
        ]
    },
    {
        "Id": "Patient.contact.name.given",
        "Types": [
            "string {[]} {[]}\n"
        ]
    },
    {
        "Id": "Patient.contact.name.id",
        "Types": [
            "string {[]} {[]}\n"
        ]
    },
    {
        "Id": "Patient.contact.name.period",
        "Types": [
            "Period {[]} {[]}\n"
        ]
    },
    {
        "Id": "Patient.contact.name.prefix",
        "Types": [
            "string {[]} {[]}\n"
        ]
    },
    {
        "Id": "Patient.contact.name.suffix",
        "Types": [
            "string {[]} {[]}\n"
        ]
    },
    {
        "Id": "Patient.contact.name.text",
        "Types": [
            "string {[]} {[]}\n"
        ]
    },
    {
        "Id": "Patient.contact.name.use",
        "Types": [
            "code {[]} {[]}\n"
        ]
    },
    {
        "Id": "Patient.contact.organization",
        "Types": [
            "Reference {[]} {[CanonicalType[https://twcore.mohw.gov.tw/ig/twcore/StructureDefinition/Organization-twcore]]}\n"
        ]
    },
    {
        "Id": "Patient.contact.period",
        "Types": [
            "Period {[]} {[]}\n"
        ]
    },
    {
        "Id": "Patient.contact.relationship",
        "Types": [
            "CodeableConcept {[CanonicalType[https://twcore.mohw.gov.tw/ig/twcore/StructureDefinition/CodeableConcept-tw]]} {[]}\n"
        ]
    },
    {
        "Id": "Patient.contact.telecom",
        "Types": [
            "ContactPoint {[]} {[]}\n"
        ]
    },
    {
        "Id": "Patient.contact.telecom.extension",
        "Types": [
            "Extension {[]} {[]}\n"
        ]
    },
    {
        "Id": "Patient.contact.telecom.id",
        "Types": [
            "string {[]} {[]}\n"
        ]
    },
    {
        "Id": "Patient.contact.telecom.period",
        "Types": [
            "Period {[]} {[]}\n"
        ]
    },
    {
        "Id": "Patient.contact.telecom.rank",
        "Types": [
            "positiveInt {[]} {[]}\n"
        ]
    },
    {
        "Id": "Patient.contact.telecom.system",
        "Types": [
            "code {[]} {[]}\n"
        ]
    },
    {
        "Id": "Patient.contact.telecom.use",
        "Types": [
            "code {[]} {[]}\n"
        ]
    },
    {
        "Id": "Patient.contact.telecom.value",
        "Types": [
            "string {[]} {[]}\n"
        ]
    },
    {
        "Id": "Patient.contained",
        "Types": [
            "Resource {[]} {[]}\n"
        ]
    },
    {
        "Id": "Patient.deceased[x]",
        "Types": [
            "boolean {[]} {[]}\ndateTime {[]} {[]}"
        ]
    },
    {
        "Id": "Patient.extension",
        "Types": [
            "Extension {[]} {[]}\n"
        ]
    },
    {
        "Id": "Patient.extension:age",
        "Types": [
            "Extension {[CanonicalType[https://twcore.mohw.gov.tw/ig/twcore/StructureDefinition/person-age]]} {[]}\n"
        ]
    },
    {
        "Id": "Patient.extension:nationality",
        "Types": [
            "Extension {[CanonicalType[http://hl7.org/fhir/StructureDefinition/patient-nationality]]} {[]}\n"
        ]
    },
    {
        "Id": "Patient.gender",
        "Types": [
            "code {[]} {[]}\n"
        ]
    },
    {
        "Id": "Patient.generalPractitioner",
        "Types": [
            "Reference {[]} {[CanonicalType[https://twcore.mohw.gov.tw/ig/twcore/StructureDefinition/Organization-twcore], CanonicalType[https://twcore.mohw.gov.tw/ig/twcore/StructureDefinition/Practitioner-twcore], CanonicalType[https://twcore.mohw.gov.tw/ig/twcore/StructureDefinition/PractitionerRole-twcore]]}\n"
        ]
    },
    {
        "Id": "Patient.id",
        "Types": [
            "id {[]} {[]}\n"
        ]
    },
    {
        "Id": "Patient.identifier",
        "Types": [
            "Identifier {[]} {[]}\n"
        ]
    },
    {
        "Id": "Patient.identifier.assigner",
        "Types": [
            "Reference {[]} {[CanonicalType[http://hl7.org/fhir/StructureDefinition/Organization]]}\n"
        ]
    },
    {
        "Id": "Patient.identifier.extension",
        "Types": [
            "Extension {[]} {[]}\n"
        ]
    },
    {
        "Id": "Patient.identifier.id",
        "Types": [
            "string {[]} {[]}\n"
        ]
    },
    {
        "Id": "Patient.identifier.period",
        "Types": [
            "Period {[]} {[]}\n"
        ]
    },
    {
        "Id": "Patient.identifier.system",
        "Types": [
            "uri {[]} {[]}\n"
        ]
    },
    {
        "Id": "Patient.identifier.type",
        "Types": [
            "CodeableConcept {[CanonicalType[https://twcore.mohw.gov.tw/ig/twcore/StructureDefinition/CodeableConcept-tw]]} {[]}\n"
        ]
    },
    {
        "Id": "Patient.identifier.use",
        "Types": [
            "code {[]} {[]}\n"
        ]
    },
    {
        "Id": "Patient.identifier.value",
        "Types": [
            "string {[]} {[]}\n"
        ]
    },
    {
        "Id": "Patient.identifier:idCardNumber",
        "Types": [
            "Identifier {[]} {[]}\n"
        ]
    },
    {
        "Id": "Patient.identifier:idCardNumber.assigner",
        "Types": [
            "Reference {[]} {[CanonicalType[https://twcore.mohw.gov.tw/ig/twcore/StructureDefinition/Organization-twcore]]}\n"
        ]
    },
    {
        "Id": "Patient.identifier:idCardNumber.extension",
        "Types": [
            "Extension {[]} {[]}\n"
        ]
    },
    {
        "Id": "Patient.identifier:idCardNumber.id",
        "Types": [
            "string {[]} {[]}\n"
        ]
    },
    {
        "Id": "Patient.identifier:idCardNumber.period",
        "Types": [
            "Period {[]} {[]}\n"
        ]
    },
    {
        "Id": "Patient.identifier:idCardNumber.system",
        "Types": [
            "uri {[]} {[]}\n"
        ]
    },
    {
        "Id": "Patient.identifier:idCardNumber.type",
        "Types": [
            "CodeableConcept {[]} {[]}\n"
        ]
    },
    {
        "Id": "Patient.identifier:idCardNumber.type.coding",
        "Types": [
            "Coding {[]} {[]}\n"
        ]
    },
    {
        "Id": "Patient.identifier:idCardNumber.type.coding.code",
        "Types": [
            "code {[]} {[]}\n"
        ]
    },
    {
        "Id": "Patient.identifier:idCardNumber.type.coding.code.extension",
        "Types": [
            "Extension {[]} {[]}\n"
        ]
    },
    {
        "Id": "Patient.identifier:idCardNumber.type.coding.code.extension:identifier-suffix",
        "Types": [
            "Extension {[CanonicalType[https://twcore.mohw.gov.tw/ig/twcore/StructureDefinition/identifier-suffix]]} {[]}\n"
        ]
    },
    {
        "Id": "Patient.identifier:idCardNumber.type.coding.code.id",
        "Types": [
            "string {[]} {[]}\n"
        ]
    },
    {
        "Id": "Patient.identifier:idCardNumber.type.coding.code.value",
        "Types": [
            "string {[]} {[]}\n"
        ]
    },
    {
        "Id": "Patient.identifier:idCardNumber.type.coding.display",
        "Types": [
            "string {[]} {[]}\n"
        ]
    },
    {
        "Id": "Patient.identifier:idCardNumber.type.coding.extension",
        "Types": [
            "Extension {[]} {[]}\n"
        ]
    },
    {
        "Id": "Patient.identifier:idCardNumber.type.coding.id",
        "Types": [
            "string {[]} {[]}\n"
        ]
    },
    {
        "Id": "Patient.identifier:idCardNumber.type.coding.system",
        "Types": [
            "uri {[]} {[]}\n"
        ]
    },
    {
        "Id": "Patient.identifier:idCardNumber.type.coding.userSelected",
        "Types": [
            "boolean {[]} {[]}\n"
        ]
    },
    {
        "Id": "Patient.identifier:idCardNumber.type.coding.version",
        "Types": [
            "string {[]} {[]}\n"
        ]
    },
    {
        "Id": "Patient.identifier:idCardNumber.type.extension",
        "Types": [
            "Extension {[]} {[]}\n"
        ]
    },
    {
        "Id": "Patient.identifier:idCardNumber.type.id",
        "Types": [
            "string {[]} {[]}\n"
        ]
    },
    {
        "Id": "Patient.identifier:idCardNumber.type.text",
        "Types": [
            "string {[]} {[]}\n"
        ]
    },
    {
        "Id": "Patient.identifier:idCardNumber.use",
        "Types": [
            "code {[]} {[]}\n"
        ]
    },
    {
        "Id": "Patient.identifier:idCardNumber.value",
        "Types": [
            "string {[]} {[]}\n"
        ]
    },
    {
        "Id": "Patient.identifier:medicalRecord",
        "Types": [
            "Identifier {[]} {[]}\n"
        ]
    },
    {
        "Id": "Patient.identifier:medicalRecord.assigner",
        "Types": [
            "Reference {[]} {[CanonicalType[https://twcore.mohw.gov.tw/ig/twcore/StructureDefinition/Organization-twcore]]}\n"
        ]
    },
    {
        "Id": "Patient.identifier:medicalRecord.extension",
        "Types": [
            "Extension {[]} {[]}\n"
        ]
    },
    {
        "Id": "Patient.identifier:medicalRecord.id",
        "Types": [
            "string {[]} {[]}\n"
        ]
    },
    {
        "Id": "Patient.identifier:medicalRecord.period",
        "Types": [
            "Period {[]} {[]}\n"
        ]
    },
    {
        "Id": "Patient.identifier:medicalRecord.system",
        "Types": [
            "uri {[]} {[]}\n"
        ]
    },
    {
        "Id": "Patient.identifier:medicalRecord.type",
        "Types": [
            "CodeableConcept {[]} {[]}\n"
        ]
    },
    {
        "Id": "Patient.identifier:medicalRecord.type.coding",
        "Types": [
            "Coding {[]} {[]}\n"
        ]
    },
    {
        "Id": "Patient.identifier:medicalRecord.type.coding.code",
        "Types": [
            "code {[]} {[]}\n"
        ]
    },
    {
        "Id": "Patient.identifier:medicalRecord.type.coding.display",
        "Types": [
            "string {[]} {[]}\n"
        ]
    },
    {
        "Id": "Patient.identifier:medicalRecord.type.coding.extension",
        "Types": [
            "Extension {[]} {[]}\n"
        ]
    },
    {
        "Id": "Patient.identifier:medicalRecord.type.coding.id",
        "Types": [
            "string {[]} {[]}\n"
        ]
    },
    {
        "Id": "Patient.identifier:medicalRecord.type.coding.system",
        "Types": [
            "uri {[]} {[]}\n"
        ]
    },
    {
        "Id": "Patient.identifier:medicalRecord.type.coding.userSelected",
        "Types": [
            "boolean {[]} {[]}\n"
        ]
    },
    {
        "Id": "Patient.identifier:medicalRecord.type.coding.version",
        "Types": [
            "string {[]} {[]}\n"
        ]
    },
    {
        "Id": "Patient.identifier:medicalRecord.type.extension",
        "Types": [
            "Extension {[]} {[]}\n"
        ]
    },
    {
        "Id": "Patient.identifier:medicalRecord.type.id",
        "Types": [
            "string {[]} {[]}\n"
        ]
    },
    {
        "Id": "Patient.identifier:medicalRecord.type.text",
        "Types": [
            "string {[]} {[]}\n"
        ]
    },
    {
        "Id": "Patient.identifier:medicalRecord.use",
        "Types": [
            "code {[]} {[]}\n"
        ]
    },
    {
        "Id": "Patient.identifier:medicalRecord.value",
        "Types": [
            "string {[]} {[]}\n"
        ]
    },
    {
        "Id": "Patient.identifier:passportNumber",
        "Types": [
            "Identifier {[]} {[]}\n"
        ]
    },
    {
        "Id": "Patient.identifier:passportNumber.assigner",
        "Types": [
            "Reference {[]} {[CanonicalType[https://twcore.mohw.gov.tw/ig/twcore/StructureDefinition/Organization-twcore]]}\n"
        ]
    },
    {
        "Id": "Patient.identifier:passportNumber.extension",
        "Types": [
            "Extension {[]} {[]}\n"
        ]
    },
    {
        "Id": "Patient.identifier:passportNumber.id",
        "Types": [
            "string {[]} {[]}\n"
        ]
    },
    {
        "Id": "Patient.identifier:passportNumber.period",
        "Types": [
            "Period {[]} {[]}\n"
        ]
    },
    {
        "Id": "Patient.identifier:passportNumber.system",
        "Types": [
            "uri {[]} {[]}\n"
        ]
    },
    {
        "Id": "Patient.identifier:passportNumber.type",
        "Types": [
            "CodeableConcept {[]} {[]}\n"
        ]
    },
    {
        "Id": "Patient.identifier:passportNumber.type.coding",
        "Types": [
            "Coding {[]} {[]}\n"
        ]
    },
    {
        "Id": "Patient.identifier:passportNumber.type.coding.code",
        "Types": [
            "code {[]} {[]}\n"
        ]
    },
    {
        "Id": "Patient.identifier:passportNumber.type.coding.display",
        "Types": [
            "string {[]} {[]}\n"
        ]
    },
    {
        "Id": "Patient.identifier:passportNumber.type.coding.extension",
        "Types": [
            "Extension {[]} {[]}\n"
        ]
    },
    {
        "Id": "Patient.identifier:passportNumber.type.coding.id",
        "Types": [
            "string {[]} {[]}\n"
        ]
    },
    {
        "Id": "Patient.identifier:passportNumber.type.coding.system",
        "Types": [
            "uri {[]} {[]}\n"
        ]
    },
    {
        "Id": "Patient.identifier:passportNumber.type.coding.userSelected",
        "Types": [
            "boolean {[]} {[]}\n"
        ]
    },
    {
        "Id": "Patient.identifier:passportNumber.type.coding.version",
        "Types": [
            "string {[]} {[]}\n"
        ]
    },
    {
        "Id": "Patient.identifier:passportNumber.type.extension",
        "Types": [
            "Extension {[]} {[]}\n"
        ]
    },
    {
        "Id": "Patient.identifier:passportNumber.type.id",
        "Types": [
            "string {[]} {[]}\n"
        ]
    },
    {
        "Id": "Patient.identifier:passportNumber.type.text",
        "Types": [
            "string {[]} {[]}\n"
        ]
    },
    {
        "Id": "Patient.identifier:passportNumber.use",
        "Types": [
            "code {[]} {[]}\n"
        ]
    },
    {
        "Id": "Patient.identifier:passportNumber.value",
        "Types": [
            "string {[]} {[]}\n"
        ]
    },
    {
        "Id": "Patient.identifier:residentNumber",
        "Types": [
            "Identifier {[]} {[]}\n"
        ]
    },
    {
        "Id": "Patient.identifier:residentNumber.assigner",
        "Types": [
            "Reference {[]} {[CanonicalType[https://twcore.mohw.gov.tw/ig/twcore/StructureDefinition/Organization-twcore]]}\n"
        ]
    },
    {
        "Id": "Patient.identifier:residentNumber.extension",
        "Types": [
            "Extension {[]} {[]}\n"
        ]
    },
    {
        "Id": "Patient.identifier:residentNumber.id",
        "Types": [
            "string {[]} {[]}\n"
        ]
    },
    {
        "Id": "Patient.identifier:residentNumber.period",
        "Types": [
            "Period {[]} {[]}\n"
        ]
    },
    {
        "Id": "Patient.identifier:residentNumber.system",
        "Types": [
            "uri {[]} {[]}\n"
        ]
    },
    {
        "Id": "Patient.identifier:residentNumber.type",
        "Types": [
            "CodeableConcept {[]} {[]}\n"
        ]
    },
    {
        "Id": "Patient.identifier:residentNumber.type.coding",
        "Types": [
            "Coding {[]} {[]}\n"
        ]
    },
    {
        "Id": "Patient.identifier:residentNumber.type.coding.code",
        "Types": [
            "code {[]} {[]}\n"
        ]
    },
    {
        "Id": "Patient.identifier:residentNumber.type.coding.display",
        "Types": [
            "string {[]} {[]}\n"
        ]
    },
    {
        "Id": "Patient.identifier:residentNumber.type.coding.extension",
        "Types": [
            "Extension {[]} {[]}\n"
        ]
    },
    {
        "Id": "Patient.identifier:residentNumber.type.coding.id",
        "Types": [
            "string {[]} {[]}\n"
        ]
    },
    {
        "Id": "Patient.identifier:residentNumber.type.coding.system",
        "Types": [
            "uri {[]} {[]}\n"
        ]
    },
    {
        "Id": "Patient.identifier:residentNumber.type.coding.userSelected",
        "Types": [
            "boolean {[]} {[]}\n"
        ]
    },
    {
        "Id": "Patient.identifier:residentNumber.type.coding.version",
        "Types": [
            "string {[]} {[]}\n"
        ]
    },
    {
        "Id": "Patient.identifier:residentNumber.type.extension",
        "Types": [
            "Extension {[]} {[]}\n"
        ]
    },
    {
        "Id": "Patient.identifier:residentNumber.type.id",
        "Types": [
            "string {[]} {[]}\n"
        ]
    },
    {
        "Id": "Patient.identifier:residentNumber.type.text",
        "Types": [
            "string {[]} {[]}\n"
        ]
    },
    {
        "Id": "Patient.identifier:residentNumber.use",
        "Types": [
            "code {[]} {[]}\n"
        ]
    },
    {
        "Id": "Patient.identifier:residentNumber.value",
        "Types": [
            "string {[]} {[]}\n"
        ]
    },
    {
        "Id": "Patient.implicitRules",
        "Types": [
            "uri {[]} {[]}\n"
        ]
    },
    {
        "Id": "Patient.language",
        "Types": [
            "code {[]} {[]}\n"
        ]
    },
    {
        "Id": "Patient.link",
        "Types": [
            "BackboneElement {[]} {[]}\n"
        ]
    },
    {
        "Id": "Patient.link.extension",
        "Types": [
            "Extension {[]} {[]}\n"
        ]
    },
    {
        "Id": "Patient.link.id",
        "Types": [
            "string {[]} {[]}\n"
        ]
    },
    {
        "Id": "Patient.link.modifierExtension",
        "Types": [
            "Extension {[]} {[]}\n"
        ]
    },
    {
        "Id": "Patient.link.other",
        "Types": [
            "Reference {[]} {[CanonicalType[https://twcore.mohw.gov.tw/ig/twcore/StructureDefinition/Patient-twcore], CanonicalType[https://twcore.mohw.gov.tw/ig/twcore/StructureDefinition/RelatedPerson-twcore]]}\n"
        ]
    },
    {
        "Id": "Patient.link.type",
        "Types": [
            "code {[]} {[]}\n"
        ]
    },
    {
        "Id": "Patient.managingOrganization",
        "Types": [
            "Reference {[]} {[CanonicalType[https://twcore.mohw.gov.tw/ig/twcore/StructureDefinition/Organization-twcore]]}\n"
        ]
    },
    {
        "Id": "Patient.maritalStatus",
        "Types": [
            "CodeableConcept {[CanonicalType[https://twcore.mohw.gov.tw/ig/twcore/StructureDefinition/CodeableConcept-tw]]} {[]}\n"
        ]
    },
    {
        "Id": "Patient.meta",
        "Types": [
            "Meta {[]} {[]}\n"
        ]
    },
    {
        "Id": "Patient.modifierExtension",
        "Types": [
            "Extension {[]} {[]}\n"
        ]
    },
    {
        "Id": "Patient.multipleBirth[x]",
        "Types": [
            "boolean {[]} {[]}\ninteger {[]} {[]}"
        ]
    },
    {
        "Id": "Patient.name",
        "Types": [
            "HumanName {[]} {[]}\n"
        ]
    },
    {
        "Id": "Patient.name:anonymous",
        "Types": [
            "HumanName {[]} {[]}\n"
        ]
    },
    {
        "Id": "Patient.name:anonymous.extension",
        "Types": [
            "Extension {[]} {[]}\n"
        ]
    },
    {
        "Id": "Patient.name:anonymous.family",
        "Types": [
            "string {[]} {[]}\n"
        ]
    },
    {
        "Id": "Patient.name:anonymous.given",
        "Types": [
            "string {[]} {[]}\n"
        ]
    },
    {
        "Id": "Patient.name:anonymous.id",
        "Types": [
            "string {[]} {[]}\n"
        ]
    },
    {
        "Id": "Patient.name:anonymous.period",
        "Types": [
            "Period {[]} {[]}\n"
        ]
    },
    {
        "Id": "Patient.name:anonymous.prefix",
        "Types": [
            "string {[]} {[]}\n"
        ]
    },
    {
        "Id": "Patient.name:anonymous.suffix",
        "Types": [
            "string {[]} {[]}\n"
        ]
    },
    {
        "Id": "Patient.name:anonymous.text",
        "Types": [
            "string {[]} {[]}\n"
        ]
    },
    {
        "Id": "Patient.name:anonymous.use",
        "Types": [
            "code {[]} {[]}\n"
        ]
    },
    {
        "Id": "Patient.name:official",
        "Types": [
            "HumanName {[]} {[]}\n"
        ]
    },
    {
        "Id": "Patient.name:official.extension",
        "Types": [
            "Extension {[]} {[]}\n"
        ]
    },
    {
        "Id": "Patient.name:official.family",
        "Types": [
            "string {[]} {[]}\n"
        ]
    },
    {
        "Id": "Patient.name:official.given",
        "Types": [
            "string {[]} {[]}\n"
        ]
    },
    {
        "Id": "Patient.name:official.id",
        "Types": [
            "string {[]} {[]}\n"
        ]
    },
    {
        "Id": "Patient.name:official.period",
        "Types": [
            "Period {[]} {[]}\n"
        ]
    },
    {
        "Id": "Patient.name:official.prefix",
        "Types": [
            "string {[]} {[]}\n"
        ]
    },
    {
        "Id": "Patient.name:official.suffix",
        "Types": [
            "string {[]} {[]}\n"
        ]
    },
    {
        "Id": "Patient.name:official.text",
        "Types": [
            "string {[]} {[]}\n"
        ]
    },
    {
        "Id": "Patient.name:official.use",
        "Types": [
            "code {[]} {[]}\n"
        ]
    },
    {
        "Id": "Patient.name:temp",
        "Types": [
            "HumanName {[]} {[]}\n"
        ]
    },
    {
        "Id": "Patient.name:temp.extension",
        "Types": [
            "Extension {[]} {[]}\n"
        ]
    },
    {
        "Id": "Patient.name:temp.family",
        "Types": [
            "string {[]} {[]}\n"
        ]
    },
    {
        "Id": "Patient.name:temp.given",
        "Types": [
            "string {[]} {[]}\n"
        ]
    },
    {
        "Id": "Patient.name:temp.id",
        "Types": [
            "string {[]} {[]}\n"
        ]
    },
    {
        "Id": "Patient.name:temp.period",
        "Types": [
            "Period {[]} {[]}\n"
        ]
    },
    {
        "Id": "Patient.name:temp.prefix",
        "Types": [
            "string {[]} {[]}\n"
        ]
    },
    {
        "Id": "Patient.name:temp.suffix",
        "Types": [
            "string {[]} {[]}\n"
        ]
    },
    {
        "Id": "Patient.name:temp.text",
        "Types": [
            "string {[]} {[]}\n"
        ]
    },
    {
        "Id": "Patient.name:temp.use",
        "Types": [
            "code {[]} {[]}\n"
        ]
    },
    {
        "Id": "Patient.name:usual",
        "Types": [
            "HumanName {[]} {[]}\n"
        ]
    },
    {
        "Id": "Patient.name:usual.extension",
        "Types": [
            "Extension {[]} {[]}\n"
        ]
    },
    {
        "Id": "Patient.name:usual.family",
        "Types": [
            "string {[]} {[]}\n"
        ]
    },
    {
        "Id": "Patient.name:usual.given",
        "Types": [
            "string {[]} {[]}\n"
        ]
    },
    {
        "Id": "Patient.name:usual.id",
        "Types": [
            "string {[]} {[]}\n"
        ]
    },
    {
        "Id": "Patient.name:usual.period",
        "Types": [
            "Period {[]} {[]}\n"
        ]
    },
    {
        "Id": "Patient.name:usual.prefix",
        "Types": [
            "string {[]} {[]}\n"
        ]
    },
    {
        "Id": "Patient.name:usual.suffix",
        "Types": [
            "string {[]} {[]}\n"
        ]
    },
    {
        "Id": "Patient.name:usual.text",
        "Types": [
            "string {[]} {[]}\n"
        ]
    },
    {
        "Id": "Patient.name:usual.use",
        "Types": [
            "code {[]} {[]}\n"
        ]
    },
    {
        "Id": "Patient.photo",
        "Types": [
            "Attachment {[]} {[]}\n"
        ]
    },
    {
        "Id": "Patient.telecom",
        "Types": [
            "ContactPoint {[]} {[]}\n"
        ]
    },
    {
        "Id": "Patient.telecom.extension",
        "Types": [
            "Extension {[]} {[]}\n"
        ]
    },
    {
        "Id": "Patient.telecom.id",
        "Types": [
            "string {[]} {[]}\n"
        ]
    },
    {
        "Id": "Patient.telecom.period",
        "Types": [
            "Period {[]} {[]}\n"
        ]
    },
    {
        "Id": "Patient.telecom.rank",
        "Types": [
            "positiveInt {[]} {[]}\n"
        ]
    },
    {
        "Id": "Patient.telecom.system",
        "Types": [
            "code {[]} {[]}\n"
        ]
    },
    {
        "Id": "Patient.telecom.use",
        "Types": [
            "code {[]} {[]}\n"
        ]
    },
    {
        "Id": "Patient.telecom.value",
        "Types": [
            "string {[]} {[]}\n"
        ]
    },
    {
        "Id": "Patient.text",
        "Types": [
            "Narrative {[]} {[]}\n"
        ]
    }
]