{
    "Patient": {
        "id": null,
        "meta": null,
        "implicitRules": null,
        "language": null,
        "text": null,
        "contained": null,
        "extension": null,
        "extension:age": null,
        "extension:nationality": null,
        "modifierExtension": null,
        "identifier": {
            "id": null,
            "extension": null,
            "use": null,
            "type": null,
            "system": null,
            "value": null,
            "period": null,
            "assigner": null
        },
        "identifier:idCardNumber": {
            "id": null,
            "extension": null,
            "use": null,
            "type": {
                "id": null,
                "extension": null,
                "coding": {
                    "id": null,
                    "extension": null,
                    "system": null,
                    "version": null,
                    "code": {
                        "id": null,
                        "extension": null,
                        "extension:identifier-suffix": null,
                        "value": null
                    },
                    "display": null,
                    "userSelected": null
                },
                "text": null
            },
            "system": null,
            "value": null,
            "period": null,
            "assigner": null
        },
        "identifier:passportNumber": {
            "id": null,
            "extension": null,
            "use": null,
            "type": {
                "id": null,
                "extension": null,
                "coding": {
                    "id": null,
                    "extension": null,
                    "system": null,
                    "version": null,
                    "code": null,
                    "display": null,
                    "userSelected": null
                },
                "text": null
            },
            "system": null,
            "value": null,
            "period": null,
            "assigner": null
        },
        "identifier:residentNumber": {
            "id": null,
            "extension": null,
            "use": null,
            "type": {
                "id": null,
                "extension": null,
                "coding": {
                    "id": null,
                    "extension": null,
                    "system": null,
                    "version": null,
                    "code": null,
                    "display": null,
                    "userSelected": null
                },
                "text": null
            },
            "system": null,
            "value": null,
            "period": null,
            "assigner": null
        },
        "identifier:medicalRecord": {
            "id": null,
            "extension": null,
            "use": null,
            "type": {
                "id": null,
                "extension": null,
                "coding": {
                    "id": null,
                    "extension": null,
                    "system": null,
                    "version": null,
                    "code": null,
                    "display": null,
                    "userSelected": null
                },
                "text": null
            },
            "system": null,
            "value": null,
            "period": null,
            "assigner": null
        },
        "active": null,
        "name": null,
        "name:official": {
            "id": null,
            "extension": null,
            "use": null,
            "text": null,
            "family": null,
            "given": null,
            "prefix": null,
            "suffix": null,
            "period": null
        },
        "name:usual": {
            "id": null,
            "extension": null,
            "use": null,
            "text": null,
            "family": null,
            "given": null,
            "prefix": null,
            "suffix": null,
            "period": null
        },
        "name:temp": {
            "id": null,
            "extension": null,
            "use": null,
            "text": null,
            "family": null,
            "given": null,
            "prefix": null,
            "suffix": null,
            "period": null
        },
        "name:anonymous": {
            "id": null,
            "extension": null,
            "use": null,
            "text": null,
            "family": null,
            "given": null,
            "prefix": null,
            "suffix": null,
            "period": null
        },
        "telecom": {
            "id": null,
            "extension": null,
            "system": null,
            "value": null,
            "use": null,
            "rank": null,
            "period": null
        },
        "gender": null,
        "birthDate": null,
        "deceased[x]": null,
        "address": null,
        "maritalStatus": null,
        "multipleBirth[x]": null,
        "photo": null,
        "contact": {
            "id": null,
            "extension": null,
            "modifierExtension": null,
            "relationship": null,
            "name": {
                "id": null,
                "extension": null,
                "use": null,
                "text": null,
                "family": null,
                "given": null,
                "prefix": null,
                "suffix": null,
                "period": null
            },
            "telecom": {
                "id": null,
                "extension": null,
                "system": null,
                "value": null,
                "use": null,
                "rank": null,
                "period": null
            },
            "address": null,
            "gender": null,
            "organization": null,
            "period": null
        },
        "communication": {
            "id": null,
            "extension": null,
            "modifierExtension": null,
            "language": null,
            "preferred": null
        },
        "generalPractitioner": null,
        "managingOrganization": null,
        "link": {
            "id": null,
            "extension": null,
            "modifierExtension": null,
            "other": null,
            "type": null
        }
    }
}